0.000000,0.000000,-0.252336,0.012678,-0.102268,5.000000
2.000000,0.000000,-0.252954,-1.693754,-0.124588,5.000000
4.000000,0.000000,-0.253567,-2.958635,-0.180729,5.000000
6.000000,0.000000,-0.254117,-3.895161,-0.239971,5.000000
8.000000,0.000000,-0.254753,-4.587024,-0.317131,5.000000
10.000000,0.000000,-0.255254,-5.098259,-0.365044,5.000000
12.000000,0.000000,-0.255700,-5.476042,-0.401649,5.000000
14.000000,0.000000,-0.256155,-5.754833,-0.437328,5.000000
16.000000,0.000000,-0.256414,-5.961623,-0.437088,5.000000
18.000000,0.016800,-0.256515,-5.129956,-0.597458,5.000000
20.000000,0.016800,-0.256604,-5.493419,-0.503963,5.000000
22.000000,0.016800,-0.256644,-5.766749,-0.441345,5.000000
24.000000,0.033600,-0.256669,-4.985763,-0.583519,5.000000
26.000000,0.033600,-0.256690,-5.387434,-0.480042,5.000000
28.000000,0.033600,-0.256655,-5.689523,-0.410339,5.000000
30.000000,0.050400,-0.256603,-4.930133,-0.548294,5.000000
32.000000,0.050400,-0.256696,-5.346982,-0.466064,5.000000
34.000000,0.067200,-0.256754,-4.673290,-0.595303,5.000000
36.000000,0.067200,-0.256768,-5.155283,-0.479305,5.000000
38.000000,0.084000,-0.256861,-4.530383,-0.605217,5.000000
40.000000,0.084000,-0.256954,-5.048388,-0.495186,5.000000
42.000000,0.100800,-0.257019,-4.450703,-0.608849,5.000000
44.000000,0.117600,-0.256918,-4.004349,-0.645367,5.000000
46.000000,0.117600,-0.256935,-4.657269,-0.497471,5.000000
48.000000,0.134400,-0.256797,-4.161888,-0.568581,5.000000
50.000000,0.151200,-0.256554,-3.792571,-0.588192,5.000000
52.000000,0.168000,-0.256362,-3.517595,-0.600513,5.000000
54.000000,0.168000,-0.256001,-4.300441,-0.394829,5.000000
56.000000,0.184800,-0.255680,-3.902246,-0.460594,5.000000
58.000000,0.201600,-0.255251,-3.605237,-0.478413,5.000000
60.000000,0.218399,-0.254754,-3.384763,-0.472485,5.000000
62.000000,0.235199,-0.253874,-3.224047,-0.402081,5.000000
64.000000,0.251999,-0.253418,-3.104594,-0.417568,5.000000
66.000000,0.251999,-0.253154,-4.000254,-0.275280,5.000000
68.000000,0.268799,-0.252567,-3.685856,-0.329346,5.000000
70.000000,0.285599,-0.252124,-3.449736,-0.381424,5.000000
72.000000,0.302399,-0.251558,-3.273544,-0.391495,5.000000
74.000000,0.319199,-0.250983,-3.142569,-0.392662,5.000000
76.000000,0.335999,-0.250755,-3.043060,-0.445557,5.000000
78.000000,0.352799,-0.249926,-2.971385,-0.383244,5.000000
80.000000,0.369599,-0.249325,-2.918988,-0.375401,5.000000
82.000000,0.386399,-0.248704,-2.880563,-0.365704,5.000000
84.000000,0.403199,-0.247853,-2.853996,-0.321358,5.000000
86.000000,0.419999,-0.247229,-2.834412,-0.326588,5.000000
88.000000,0.436799,-0.246594,-2.819786,-0.328011,5.000000
90.000000,0.470399,-0.245759,-1.824146,-0.477314,5.000000
92.000000,0.487199,-0.244895,-2.066545,-0.369446,5.000000
94.000000,0.503999,-0.244220,-2.249032,-0.332005,5.000000
96.000000,0.520799,-0.243639,-2.385144,-0.325897,5.000000
98.000000,0.537599,-0.242979,-2.486876,-0.312454,5.000000
100.000000,0.554399,-0.242164,-2.563885,-0.281155,5.000000
102.000000,0.571199,-0.241127,-2.623685,-0.226162,5.000000
104.000000,0.604799,-0.240269,-1.682757,-0.399418,5.000000
106.000000,0.621599,-0.239096,-1.966792,-0.263527,5.000000
108.000000,0.638398,-0.237984,-2.182070,-0.187523,5.000000
110.000000,0.655198,-0.237024,-2.343522,-0.165321,5.000000
112.000000,0.688798,-0.236003,-1.478423,-0.324986,5.000000
114.000000,0.705598,-0.234888,-1.817712,-0.216972,5.000000
116.000000,0.722398,-0.234183,-2.070587,-0.217003,5.000000
118.000000,0.739198,-0.232987,-2.261476,-0.144981,5.000000
120.000000,0.772798,-0.232052,-1.417870,-0.322723,5.000000
122.000000,0.789598,-0.230808,-1.773885,-0.193409,5.000000
124.000000,0.806398,-0.229595,-2.042507,-0.118793,5.000000
126.000000,0.839998,-0.228815,-1.255485,-0.324165,5.000000
128.000000,0.856798,-0.227461,-1.654239,-0.172810,5.000000
130.000000,0.873598,-0.226111,-1.955554,-0.080040,5.000000
132.000000,0.907198,-0.224251,-1.199808,-0.123432,5.000000
134.000000,0.923998,-0.222724,-1.621603,-0.006973,5.000000
136.000000,0.957598,-0.221196,-0.952664,-0.118225,5.000000
138.000000,0.974398,-0.220213,-1.434910,-0.084160,5.000000
140.000000,0.991198,-0.219027,-1.795254,-0.040257,5.000000
142.000000,1.024798,-0.217794,-1.078381,-0.192230,5.000000
144.000000,1.041597,-0.216210,-1.529629,-0.041767,5.000000
146.000000,1.075197,-0.214494,-0.884660,-0.109570,5.000000
148.000000,1.091997,-0.213051,-1.388122,-0.003117,5.000000
150.000000,1.125597,-0.211582,-0.779554,-0.119297,5.000000
152.000000,1.142397,-0.209971,-1.311042,0.019695,5.000000
154.000000,1.175997,-0.208368,-0.724217,-0.080318,5.000000
156.000000,1.192797,-0.206368,-1.274155,0.109516,5.000000
158.000000,1.226397,-0.204664,-0.700954,-0.001995,5.000000
160.000000,1.243197,-0.202956,-1.257918,0.117088,5.000000
162.000000,1.276797,-0.201339,-0.688724,-0.010391,5.000000
164.000000,1.293597,-0.199471,-1.249726,0.137215,5.000000
166.000000,1.327197,-0.197727,-0.684348,0.023804,5.000000
168.000000,1.360797,-0.195822,-0.261992,-0.014013,5.000000
170.000000,1.377597,-0.194082,-0.932406,0.124844,5.000000
172.000000,1.411197,-0.192090,-0.450392,0.062799,5.000000
174.000000,1.427997,-0.190264,-1.075662,0.186403,5.000000
176.000000,1.461596,-0.188085,-0.560293,0.131042,5.000000
178.000000,1.495196,-0.186360,-0.173012,0.033552,5.000000
180.000000,1.511996,-0.184146,-0.871665,0.235119,5.000000
182.000000,1.545596,-0.181993,-0.410792,0.165283,5.000000
184.000000,1.579196,-0.180099,-0.064734,0.087641,5.000000
186.000000,1.595996,-0.177922,-0.793286,0.268799,5.000000
188.000000,1.629596,-0.175837,-0.353651,0.179298,5.000000
190.000000,1.663196,-0.173579,-0.025518,0.156713,5.000000
192.000000,1.679996,-0.171498,-0.766304,0.301527,5.000000
194.000000,1.713596,-0.169098,-0.337159,0.252541,5.000000
196.000000,1.747196,-0.166802,-0.016456,0.213211,5.000000
198.000000,1.763996,-0.164482,-0.763487,0.378613,5.000000
200.000000,1.797596,-0.162006,-0.338650,0.317322,5.000000
202.000000,1.831196,-0.159348,-0.022596,0.314924,5.000000
204.000000,1.864796,-0.157074,0.214393,0.260078,5.000000
206.000000,1.881596,-0.154484,-0.596124,0.459330,5.000000
208.000000,1.915195,-0.151837,-0.218946,0.403811,5.000000
210.000000,1.948795,-0.149140,0.062413,0.383257,5.000000
212.000000,1.982395,-0.146584,0.272713,0.353699,5.000000
214.000000,1.999195,-0.143658,-0.558925,0.578287,5.000000
216.000000,2.032795,-0.141347,-0.193796,0.432417,5.000000
218.000000,2.066395,-0.138836,0.080922,0.373709,5.000000
220.000000,2.099995,-0.136305,0.286627,0.343817,5.000000
222.000000,2.133595,-0.133689,0.439603,0.342070,5.000000
224.000000,2.150395,-0.131093,-0.432920,0.521929,5.000000
226.000000,2.183995,-0.128610,-0.099869,0.424601,5.000000
228.000000,2.217595,-0.125935,0.149345,0.397083,5.000000
230.000000,2.251195,-0.123321,0.335496,0.374672,5.000000
232.000000,2.284795,-0.120417,0.472361,0.410345,5.000000
234.000000,2.318394,-0.117618,0.573183,0.421158,5.000000
236.000000,2.351995,-0.114933,0.648255,0.412966,5.000000
238.000000,2.368794,-0.112399,-0.280959,0.565727,5.000000
240.000000,2.402394,-0.109660,0.008892,0.499109,5.000000
242.000000,2.435994,-0.106935,0.226305,0.458735,5.000000
244.000000,2.469594,-0.103962,0.387280,0.476067,5.000000
246.000000,2.503194,-0.101217,0.507483,0.455505,5.000000
248.000000,2.536794,-0.098562,0.597896,0.430208,5.000000
250.000000,2.570394,-0.095989,0.666362,0.402001,5.000000
252.000000,2.603994,-0.093580,0.719166,0.358485,5.000000
254.000000,2.637594,-0.091201,0.760057,0.325201,5.000000
256.000000,2.671194,-0.088446,0.789007,0.363494,5.000000
258.000000,2.704794,-0.085654,0.808731,0.396286,5.000000
260.000000,2.738394,-0.082949,0.822649,0.405267,5.000000
262.000000,2.755193,-0.080236,-0.153612,0.593511,5.000000
264.000000,2.788793,-0.077323,0.100067,0.549398,5.000000
266.000000,2.822393,-0.074919,0.293173,0.444430,5.000000
268.000000,2.855993,-0.072302,0.438719,0.411500,5.000000
270.000000,2.889593,-0.068489,0.539732,0.583289,5.000000
272.000000,2.923193,-0.064995,0.610381,0.652136,5.000000
274.000000,2.956793,-0.058089,0.637158,1.244665,5.000000
276.000000,2.990393,-0.056321,0.669743,0.830381,5.000000
278.000000,3.023993,-0.053534,0.702146,0.711220,5.000000
280.000000,3.057593,-0.050074,0.725917,0.738034,5.000000
282.000000,3.091193,-0.044947,0.731209,1.022618,5.000000
284.000000,3.124793,-0.042967,0.745750,0.715361,5.000000
286.000000,3.158392,-0.037255,0.742548,1.100992,5.000000
288.000000,3.191993,-0.035362,0.751662,0.755092,5.000000
290.000000,3.225592,-0.032056,0.761449,0.744916,5.000000
292.000000,3.259192,-0.028052,0.764248,0.849285,5.000000
294.000000,3.309592,-0.023784,1.746743,0.782219,5.000000
296.000000,3.343192,-0.020567,1.498714,0.773762,5.000000
298.000000,3.376792,-0.017087,1.313203,0.803679,5.000000
300.000000,3.410392,-0.013694,1.174980,0.805702,5.000000
302.000000,3.443992,-0.010433,1.073162,0.782719,5.000000
304.000000,3.477592,-0.006785,0.995743,0.826372,5.000000
306.000000,3.511192,-0.003415,0.938503,0.809814,5.000000
308.000000,3.544792,0.000065,0.895795,0.814744,5.000000
310.000000,3.578392,0.003162,0.866385,0.756160,5.000000
312.000000,3.611991,0.006646,0.844008,0.777127,5.000000
314.000000,3.645591,0.010390,0.824773,0.832214,5.000000
316.000000,3.679191,0.014371,0.806759,0.907284,5.000000
318.000000,3.729591,0.023942,1.738905,1.668603,5.000000
320.000000,3.763191,0.029517,1.443005,1.754078,5.000000
322.000000,3.796791,0.037182,1.206112,2.138352,5.000000
324.000000,3.830391,0.047271,0.999742,2.781080,5.000000
326.000000,3.863991,0.056791,0.826657,3.123463,5.000000
328.000000,3.897591,0.064301,0.699017,3.032484,5.000000
330.000000,3.947991,0.072334,1.589966,2.870234,5.000000
332.000000,3.981591,0.080537,1.269231,2.989078,5.000000
334.000000,4.015191,0.088198,1.030381,2.975985,5.000000
336.000000,4.048790,0.096636,0.848170,3.085292,5.000000
338.000000,4.082390,0.102149,0.728491,2.689023,5.000000
340.000000,4.115990,0.110082,0.637698,2.801651,5.000000
342.000000,4.166390,0.116302,1.563632,2.422897,5.000000
344.000000,4.199990,0.123167,1.273625,2.470615,5.000000
346.000000,4.233590,0.129660,1.059031,2.436899,5.000000
348.000000,4.267190,0.137113,0.894403,2.561617,5.000000
350.000000,4.300790,0.144064,0.770882,2.562811,5.000000
352.000000,4.334390,0.151058,0.678680,2.567339,5.000000
354.000000,4.367990,0.158780,0.604994,2.684494,5.000000
356.000000,4.418389,0.167977,1.521966,2.817165,5.000000
358.000000,4.451990,0.177266,1.210218,3.125309,5.000000
360.000000,4.485590,0.186552,0.967413,3.327488,5.000000
362.000000,4.519189,0.194479,0.788740,3.242743,5.000000
364.000000,4.552789,0.202314,0.659719,3.165966,5.000000
366.000000,4.603189,0.210602,1.549610,3.002281,5.000000
368.000000,4.636789,0.220292,1.219766,3.316761,5.000000
370.000000,4.670389,0.228016,0.976609,3.209522,5.000000
372.000000,4.703989,0.231723,0.826997,2.490341,5.000000
374.000000,4.737589,0.240375,0.708810,2.784584,5.000000
376.000000,4.771189,0.244651,0.639619,2.284885,5.000000
378.000000,4.821589,0.249636,1.587782,1.875019,5.000000
380.000000,4.855188,0.259726,1.285302,2.613132,5.000000
382.000000,4.888788,0.264655,1.068444,2.286297,5.000000
384.000000,4.922389,0.273272,0.894551,2.646187,5.000000
386.000000,4.955988,0.279799,0.766167,2.554176,5.000000
388.000000,4.989588,0.287666,0.665044,2.701965,5.000000
390.000000,5.039988,0.295397,1.571419,2.598103,5.000000
392.000000,5.073588,0.304437,1.252241,2.938839,5.000000
394.000000,5.107188,0.310269,1.024400,2.652084,5.000000
396.000000,5.140788,0.316705,0.861700,2.547241,5.000000
398.000000,5.174388,0.323890,0.739519,2.591175,5.000000
400.000000,5.224788,0.331533,1.630084,2.510746,5.000000
402.000000,5.258388,0.338292,1.313185,2.517418,5.000000
404.000000,5.291987,0.346425,1.068354,2.733364,5.000000
406.000000,5.325587,0.352090,0.895249,2.481209,5.000000
408.000000,5.359187,0.351820,0.815959,1.359089,5.000000
410.000000,5.392787,0.355421,0.772063,1.209068,5.000000
412.000000,5.443187,0.354415,1.762021,0.190868,5.000000
414.000000,5.476787,0.357702,1.518544,0.385742,5.000000
416.000000,5.510387,0.357791,1.352248,0.002968,5.000000
418.000000,5.543987,0.368724,1.169742,1.466469,5.000000
420.000000,5.577587,0.371969,1.032366,1.234276,5.000000
422.000000,5.611187,0.373274,0.951936,0.763515,5.000000
424.000000,5.661587,0.377625,1.875031,0.745605,5.000000
426.000000,5.695187,0.386712,1.542173,1.691479,5.000000
428.000000,5.728786,0.393510,1.275765,1.963535,5.000000
430.000000,5.762386,0.397355,1.087932,1.671795,5.000000
432.000000,5.795986,0.399762,0.968901,1.239044,5.000000
434.000000,5.846386,0.408182,1.841865,1.719154,5.000000
436.000000,5.879986,0.412250,1.514771,1.554733,5.000000
438.000000,5.913586,0.414401,1.290974,1.129044,5.000000
440.000000,5.947186,0.416309,1.142078,0.794739,5.000000
442.000000,5.980786,0.417997,1.045298,0.527985,5.000000
444.000000,6.014386,0.419520,0.984360,0.317574,5.000000
446.000000,6.047986,0.415944,0.981158,-0.640343,5.000000
448.000000,6.081585,0.409779,1.031433,-1.706055,5.000000
450.000000,6.115186,0.406465,1.088694,-1.977219,5.000000
452.000000,6.148786,0.408659,1.103987,-1.282700,5.000000
454.000000,6.182385,0.408533,1.105557,-1.178497,5.000000
456.000000,6.215985,0.405965,1.119332,-1.496704,5.000000
458.000000,6.249585,0.406196,1.122423,-1.267334,5.000000
460.000000,6.283185,0.407237,1.110846,-0.981590,5.000000
462.000000,6.316785,0.406339,1.104865,-1.096191,5.000000
464.000000,6.350385,0.402442,1.124929,-1.652405,5.000000
466.000000,6.383985,0.408330,1.094232,-0.471527,5.000000
468.000000,6.417585,0.408042,1.069693,-0.651634,5.000000
470.000000,6.451185,0.404528,1.079903,-1.289238,5.000000
472.000000,6.501585,0.403173,2.082439,-1.559959,5.000000
474.000000,6.535184,0.405932,1.822130,-0.883842,5.000000
476.000000,6.568784,0.405863,1.623329,-0.879944,5.000000
478.000000,6.602385,0.411011,1.440523,-0.050652,5.000000
480.000000,6.635984,0.410064,1.315494,-0.460976,5.000000
482.000000,6.669584,0.408202,1.244020,-0.889877,5.000000
484.000000,6.703184,0.409073,1.188308,-0.748444,5.000000
486.000000,6.736784,0.409108,1.147428,-0.786453,5.000000
488.000000,6.770384,0.407871,1.127098,-1.016251,5.000000
490.000000,6.803984,0.409547,1.100791,-0.709152,5.000000
492.000000,6.837584,0.412305,1.062750,-0.327820,5.000000
494.000000,6.887984,0.411322,2.031794,-0.845657,5.000000
496.000000,6.921584,0.411914,1.772784,-0.743378,5.000000
498.000000,6.955184,0.412207,1.578910,-0.727570,5.000000
500.000000,6.988783,0.412037,1.437690,-0.795441,5.000000
502.000000,7.022383,0.409485,1.351465,-1.224777,5.000000
504.000000,7.039183,0.411027,0.289600,-0.686577,5.000000
506.000000,7.072783,0.409667,0.487938,-0.988861,5.000000
508.000000,7.106383,0.407572,0.651109,-1.307182,5.000000
510.000000,7.139983,0.403064,0.800104,-1.904762,5.000000
512.000000,7.156783,0.400400,-0.065870,-1.834320,5.000000
514.000000,7.190383,0.399520,0.263353,-1.703556,5.000000
516.000000,7.207183,0.397664,-0.476711,-1.581436,5.000000
518.000000,7.240783,0.396901,-0.051301,-1.522644,5.000000
520.000000,7.274383,0.394176,0.275367,-1.784996,5.000000
522.000000,7.291183,0.391702,-0.460456,-1.735203,5.000000
524.000000,7.324783,0.388246,-0.015236,-2.056423,5.000000
526.000000,7.358383,0.387444,0.308921,-1.841518,5.000000
528.000000,7.375183,0.386527,-0.443777,-1.524879,5.000000
530.000000,7.408782,0.383682,-0.014508,-1.815201,5.000000
532.000000,7.425582,0.382539,-0.682983,-1.550957,5.000000
534.000000,7.459182,0.380053,-0.193281,-1.781635,5.000000
536.000000,7.492782,0.380332,0.159820,-1.486290,5.000000
538.000000,7.509582,0.378656,-0.562063,-1.407356,5.000000
540.000000,7.543182,0.379086,-0.128335,-1.216137,5.000000
542.000000,7.559982,0.376511,-0.779534,-1.373573,5.000000
544.000000,7.576782,0.376317,-1.272738,-1.117363,5.000000
546.000000,7.610382,0.374923,-0.653710,-1.326534,5.000000
548.000000,7.627182,0.377000,-1.196390,-0.720093,5.000000
550.000000,7.660782,0.375542,-0.611187,-1.064106,5.000000
552.000000,7.677582,0.373887,-1.149326,-1.135082,5.000000
554.000000,7.694382,0.372289,-1.546175,-1.187706,5.000000
556.000000,7.727982,0.372665,-0.865771,-1.099091,5.000000
558.000000,7.744781,0.371431,-1.339594,-1.098091,5.000000
560.000000,7.761581,0.374782,-1.721928,-0.378281,5.000000
562.000000,7.795182,0.374488,-1.021248,-0.658413,5.000000
564.000000,7.811982,0.376586,-1.493560,-0.270340,5.000000
566.000000,7.828782,0.377492,-1.850116,-0.207294,5.000000
568.000000,7.862381,0.375788,-1.113199,-0.769550,5.000000
570.000000,7.879181,0.376723,-1.549924,-0.533741,5.000000
572.000000,7.912781,0.380601,-0.916177,-0.095200,5.000000
574.000000,7.929581,0.380610,-1.422320,-0.216652,5.000000
576.000000,7.963181,0.387218,-0.851732,0.559498,5.000000
578.000000,7.979981,0.391490,-1.427467,0.910709,5.000000
580.000000,8.013581,0.391941,-0.855590,0.346661,5.000000
582.000000,8.030381,0.393676,-1.405571,0.361271,5.000000
584.000000,8.063981,0.396016,-0.832129,0.273842,5.000000
586.000000,8.097581,0.399019,-0.408124,0.333805,5.000000
588.000000,8.114381,0.403383,-1.091188,0.782700,5.000000
590.000000,8.147981,0.406073,-0.616981,0.624474,5.000000
592.000000,8.164781,0.409064,-1.247738,0.756912,5.000000
594.000000,8.198380,0.411105,-0.727999,0.499947,5.000000
596.000000,8.231980,0.415764,-0.350831,0.754700,5.000000
598.000000,8.248780,0.417653,-1.047956,0.676666,5.000000
600.000000,8.282380,0.419232,-0.574066,0.376312,5.000000
602.000000,8.315980,0.422564,-0.223448,0.462822,5.000000
604.000000,8.349580,0.424374,0.043578,0.287735,5.000000
606.000000,8.366381,0.423492,-0.719909,-0.073753,5.000000
608.000000,8.399981,0.430889,-0.342714,0.800392,5.000000
610.000000,8.433580,0.434879,-0.072210,0.862495,5.000000
612.000000,8.467180,0.435257,0.150398,0.335785,5.000000
614.000000,8.483980,0.436432,-0.656729,0.289665,5.000000
616.000000,8.517580,0.441356,-0.292918,0.655624,5.000000
618.000000,8.551180,0.444410,-0.023998,0.615913,5.000000
620.000000,8.584780,0.448743,0.168189,0.799454,5.000000
622.000000,8.601580,0.450947,-0.667902,0.770370,5.000000
624.000000,8.635180,0.454418,-0.309455,0.751656,5.000000
626.000000,8.668779,0.454348,-0.019158,0.183144,5.000000
628.000000,8.702379,0.455601,0.208031,0.013611,5.000000
630.000000,8.735979,0.457319,0.379589,-0.022324,5.000000
632.000000,8.769579,0.455873,0.529423,-0.546852,5.000000
634.000000,8.786379,0.459491,-0.360528,0.086876,5.000000
636.000000,8.819979,0.465097,-0.071138,0.633408,5.000000
638.000000,8.853580,0.474221,0.099600,1.574142,5.000000
640.000000,8.887179,0.477617,0.230114,1.306679,5.000000
642.000000,8.920779,0.480629,0.339209,1.066345,5.000000
644.000000,8.954379,0.482270,0.437975,0.686600,5.000000
646.000000,8.987979,0.483495,0.527966,0.363922,5.000000
648.000000,9.021579,0.486072,0.597346,0.361580,5.000000
650.000000,9.038379,0.486983,-0.326156,0.276711,5.000000
652.000000,9.071979,0.487725,-0.020664,-0.011330,5.000000
654.000000,9.105578,0.486146,0.232056,-0.570091,5.000000
656.000000,9.139178,0.483843,0.444788,-1.060387,5.000000
658.000000,9.172778,0.480170,0.629829,-1.607681,5.000000
660.000000,9.206378,0.477548,0.780171,-1.808983,5.000000
662.000000,9.239978,0.476328,0.889646,-1.719025,5.000000
664.000000,9.256778,0.480471,-0.054638,-0.619545,5.000000
666.000000,9.290378,0.479800,0.223109,-0.841110,5.000000
668.000000,9.323978,0.478551,0.441257,-1.077354,5.000000
670.000000,9.357578,0.478088,0.606399,-1.107765,5.000000
672.000000,9.391178,0.475483,0.744408,-1.465950,5.000000
674.000000,9.424778,0.474694,0.847774,-1.417351,5.000000
676.000000,9.458378,0.474743,0.917002,-1.248085,5.000000
678.000000,9.491978,0.475879,0.954807,-0.957695,5.000000
680.000000,9.525578,0.475951,0.979461,-0.928513,5.000000
682.000000,9.559177,0.479314,0.974446,-0.383194,5.000000
684.000000,9.592777,0.480350,0.966381,-0.382584,5.000000
686.000000,9.626377,0.483206,0.948002,-0.092194,5.000000
688.000000,9.659977,0.484916,0.931402,-0.077202,5.000000
690.000000,9.693577,0.489133,0.901623,0.332115,5.000000
692.000000,9.727177,0.489537,0.890067,0.002838,5.000000
694.000000,9.760777,0.492990,0.873006,0.263931,5.000000
696.000000,9.777576,0.493788,-0.117555,0.198883,5.000000
698.000000,9.811177,0.497474,0.116802,0.410149,5.000000
700.000000,9.844777,0.500403,0.287843,0.439308,5.000000
702.000000,9.878377,0.506345,0.393195,0.943588,5.000000
704.000000,9.911977,0.508818,0.476101,0.737244,5.000000
706.000000,9.962377,0.512516,1.522914,0.613220,5.000000
708.000000,9.979177,0.512876,0.354005,0.383514,5.000000
710.000000,10.029576,0.515133,1.454937,0.139297,5.000000
712.000000,10.063176,0.517090,1.296128,0.132774,5.000000
714.000000,10.096776,0.519216,1.177430,0.151306,5.000000
716.000000,10.130376,0.522823,1.078723,0.397141,5.000000
718.000000,10.163976,0.525834,1.000332,0.467293,5.000000
720.000000,10.197576,0.530967,0.925263,0.851440,5.000000
722.000000,10.231175,0.536685,0.851433,1.204857,5.000000
724.000000,10.264775,0.540602,0.795630,1.157166,5.000000
726.000000,10.298376,0.545451,0.749659,1.271652,5.000000
728.000000,10.331976,0.548350,0.724338,1.037834,5.000000
730.000000,10.365576,0.552823,0.703265,1.128860,5.000000
732.000000,10.399176,0.554876,0.700635,0.804588,5.000000
734.000000,10.432775,0.558748,0.698177,0.873360,5.000000
736.000000,10.466375,0.562837,0.692240,0.954926,5.000000
738.000000,10.499975,0.568116,0.676593,1.200119,5.000000
740.000000,10.533575,0.571869,0.666248,1.123627,5.000000
742.000000,10.567175,0.577123,0.651090,1.310631,5.000000
744.000000,10.600775,0.581865,0.636245,1.356087,5.000000
746.000000,10.634375,0.585894,0.628274,1.273163,5.000000
748.000000,10.667974,0.590952,0.618327,1.380531,5.000000
750.000000,10.718374,0.595398,1.597099,1.175377,5.000000
752.000000,10.751974,0.600218,1.341719,1.299751,5.000000
754.000000,10.785575,0.604859,1.148910,1.349709,5.000000
756.000000,10.819175,0.609893,1.001222,1.441895,5.000000
758.000000,10.852775,0.614529,0.890724,1.437607,5.000000
760.000000,10.886374,0.621625,0.792258,1.824173,5.000000
762.000000,10.919974,0.625876,0.723977,1.631851,5.000000
764.000000,10.953574,0.630775,0.675905,1.602539,5.000000
766.000000,10.987174,0.635153,0.644578,1.498177,5.000000
768.000000,11.020774,0.640482,0.618659,1.578133,5.000000
770.000000,11.054374,0.646136,0.594127,1.683731,5.000000
772.000000,11.104774,0.650557,1.566339,1.377991,5.000000
774.000000,11.138373,0.656351,1.303097,1.592995,5.000000
776.000000,11.171973,0.660503,1.110906,1.471397,5.000000
778.000000,11.205573,0.665999,0.963541,1.598007,5.000000
780.000000,11.239174,0.671981,0.846128,1.758293,5.000000
782.000000,11.272774,0.678010,0.752732,1.872154,5.000000
784.000000,11.306374,0.682744,0.687784,1.741302,5.000000
786.000000,11.339973,0.688047,0.640397,1.741173,5.000000
788.000000,11.390373,0.693963,1.587121,1.657166,5.000000
790.000000,11.423973,0.699824,1.306331,1.794876,5.000000
792.000000,11.457573,0.706259,1.089013,1.973335,5.000000
794.000000,11.491173,0.711450,0.929498,1.891624,5.000000
796.000000,11.524773,0.716821,0.812727,1.860802,5.000000
798.000000,11.558372,0.723108,0.720910,1.982857,5.000000
800.000000,11.591972,0.727143,0.663311,1.704903,5.000000
802.000000,11.642372,0.730447,1.621665,1.216934,5.000000
804.000000,11.675972,0.732130,1.374977,0.830040,5.000000
806.000000,11.709573,0.733097,1.211043,0.446075,5.000000
808.000000,11.743173,0.733503,1.107244,0.090660,5.000000
810.000000,11.776772,0.735165,1.034707,0.046265,5.000000
812.000000,11.810372,0.737357,0.978971,0.098465,5.000000
814.000000,11.843972,0.743404,0.909633,0.747353,5.000000
816.000000,11.894372,0.743547,1.860190,0.066460,5.000000
818.000000,11.927972,0.741943,1.615788,-0.472351,5.000000
820.000000,11.961572,0.738311,1.467879,-1.169029,5.000000
822.000000,11.995172,0.733539,1.391562,-1.829391,5.000000
824.000000,12.028771,0.730440,1.348001,-2.014961,5.000000
826.000000,12.062371,0.727719,1.319935,-2.082222,5.000000
828.000000,12.095971,0.726223,1.293496,-1.933594,5.000000
830.000000,12.129571,0.723175,1.278939,-2.080284,5.000000
832.000000,12.163171,0.720570,1.270629,-2.110039,5.000000
834.000000,12.213572,0.717177,2.257054,-2.436684,5.000000
836.000000,12.247171,0.714342,2.010895,-2.365776,5.000000
838.000000,12.280771,0.712826,1.816943,-2.113380,5.000000
840.000000,12.314371,0.713537,1.648867,-1.590919,5.000000
842.000000,12.347971,0.713885,1.507461,-1.296722,5.000000
844.000000,12.381571,0.713914,1.394014,-1.150543,5.000000
846.000000,12.415171,0.711608,1.320292,-1.425720,5.000000
848.000000,12.448771,0.711300,1.262215,-1.296829,5.000000
850.000000,12.482370,0.711015,1.214368,-1.206635,5.000000
852.000000,12.532770,0.710729,2.161613,-1.326920,5.000000
854.000000,12.566370,0.711064,1.878325,-1.106354,5.000000
856.000000,12.599970,0.712359,1.653642,-0.809685,5.000000
858.000000,12.633570,0.713739,1.475570,-0.599586,5.000000
860.000000,12.667171,0.718278,1.314539,0.042946,5.000000
862.000000,12.700770,0.719844,1.191438,0.003311,5.000000
864.000000,12.751170,0.719968,2.097275,-0.437202,5.000000
866.000000,12.784770,0.723547,1.775841,0.015976,5.000000
868.000000,12.818370,0.723234,1.547054,-0.303268,5.000000
870.000000,12.851970,0.725923,1.368806,-0.048157,5.000000
872.000000,12.885570,0.725866,1.245614,-0.316048,5.000000
874.000000,12.919169,0.730381,1.133299,0.226807,5.000000
876.000000,12.952769,0.734208,1.034628,0.484818,5.000000
878.000000,13.003169,0.737757,1.939774,0.433266,5.000000
880.000000,13.036769,0.742011,1.622036,0.713348,5.000000
882.000000,13.070369,0.743858,1.392285,0.512970,5.000000
884.000000,13.103969,0.749829,1.201314,1.028030,5.000000
886.000000,13.137568,0.752384,1.063653,0.830048,5.000000
888.000000,13.171169,0.756078,0.961049,0.873306,5.000000
890.000000,13.221569,0.760741,1.862734,0.874214,5.000000
892.000000,13.255169,0.765297,1.546007,1.060394,5.000000
894.000000,13.288769,0.770993,1.296490,1.361427,5.000000
896.000000,13.322369,0.775257,1.109743,1.332336,5.000000
898.000000,13.355968,0.780152,0.967950,1.408615,5.000000
900.000000,13.389568,0.783753,0.868603,1.250771,5.000000
902.000000,13.439968,0.788023,1.782110,1.067078,5.000000
904.000000,13.473568,0.793661,1.470869,1.362709,5.000000
906.000000,13.507168,0.798294,1.235878,1.396568,5.000000
908.000000,13.540768,0.804049,1.052618,1.592789,5.000000
910.000000,13.574368,0.807858,0.922482,1.411789,5.000000
912.000000,13.607967,0.812134,0.829206,1.359772,5.000000
914.000000,13.658368,0.813719,1.766166,0.712646,5.000000
916.000000,13.691968,0.816270,1.492077,0.628845,5.000000
918.000000,13.725568,0.816447,1.307720,0.186707,5.000000
920.000000,13.759168,0.818663,1.173351,0.205643,5.000000
922.000000,13.792768,0.820487,1.075613,0.152817,5.000000
924.000000,13.826367,0.821160,1.012781,-0.069016,5.000000
926.000000,13.859967,0.821665,0.975367,-0.248627,5.000000
928.000000,13.910367,0.823237,1.933100,-0.382416,5.000000
930.000000,13.943967,0.827469,1.644212,0.154495,5.000000
932.000000,13.977567,0.832285,1.406261,0.606461,5.000000
934.000000,14.011167,0.834456,1.230939,0.487289,5.000000
936.000000,14.044766,0.836440,1.106349,0.371994,5.000000
938.000000,14.078366,0.840743,1.002542,0.659912,5.000000
940.000000,14.128767,0.845863,1.895555,0.803482,5.000000
942.000000,14.162367,0.849598,1.575671,0.882965,5.000000
944.000000,14.195967,0.853836,1.331874,1.009674,5.000000
946.000000,14.229567,0.858291,1.144866,1.124619,5.000000
948.000000,14.263166,0.862175,1.005696,1.107376,5.000000
950.000000,14.296766,0.866174,0.902121,1.110733,5.000000
952.000000,14.347166,0.871388,1.802986,1.123627,5.000000
954.000000,14.380766,0.876139,1.487577,1.261322,5.000000
956.000000,14.414366,0.881085,1.247066,1.378464,5.000000
958.000000,14.447966,0.886320,1.062300,1.498688,5.000000
960.000000,14.481565,0.891208,0.922999,1.520691,5.000000
962.000000,14.515165,0.896446,0.816396,1.588333,5.000000
964.000000,14.565565,0.901429,1.722466,1.410583,5.000000
966.000000,14.599166,0.906665,1.413073,1.532562,5.000000
968.000000,14.632766,0.912315,1.176059,1.674179,5.000000
970.000000,14.666366,0.917573,0.997608,1.702408,5.000000
972.000000,14.699965,0.923240,0.861323,1.782578,5.000000
974.000000,14.750365,0.928423,1.746463,1.576248,5.000000
976.000000,14.783965,0.933197,1.426938,1.572830,5.000000
978.000000,14.817565,0.938605,1.185729,1.663635,5.000000
980.000000,14.851165,0.943286,1.008155,1.603867,5.000000
982.000000,14.884765,0.947603,0.880943,1.500671,5.000000
984.000000,14.935164,0.952080,1.775270,1.272278,5.000000
986.000000,14.968764,0.956754,1.459309,1.350418,5.000000
988.000000,15.002364,0.960946,1.225234,1.319321,5.000000
990.000000,15.035964,0.964989,1.053666,1.268433,5.000000
992.000000,15.069565,0.969298,0.926316,1.272202,5.000000
994.000000,15.119965,0.973433,1.818826,1.063293,5.000000
996.000000,15.153564,0.977562,1.502278,1.122345,5.000000
998.000000,15.187164,0.981816,1.264302,1.174820,5.000000
1000.000000,15.220764,0.985822,1.087407,1.165298,5.000000
1002.000000,15.254364,0.989855,0.956273,1.158752,5.000000
1004.000000,15.304764,0.994096,1.843750,1.003876,5.000000
1006.000000,15.338364,0.998187,1.522484,1.076630,5.000000
1008.000000,15.371964,1.002402,1.280531,1.138184,5.000000
1010.000000,15.405563,1.006437,1.099897,1.145538,5.000000
1012.000000,15.439163,1.010219,0.967309,1.105835,5.000000
1014.000000,15.472763,1.013945,0.870620,1.066650,5.000000
1016.000000,15.523163,1.017942,1.784482,0.900284,5.000000
1018.000000,15.556764,1.022704,1.477019,1.111710,5.000000
1020.000000,15.590364,1.027191,1.242925,1.204636,5.000000
1022.000000,15.623963,1.031447,1.067293,1.225311,5.000000
1024.000000,15.657563,1.035773,0.935635,1.246490,5.000000
1026.000000,15.707963,1.039933,1.824292,1.050659,5.000000
1028.000000,15.741563,1.044506,1.501564,1.185242,5.000000
1030.000000,15.775163,1.048904,1.258325,1.241425,5.000000
1032.000000,15.808763,1.053291,1.075747,1.272034,5.000000
1034.000000,15.842362,1.057593,0.939544,1.274780,5.000000
1036.000000,15.892762,1.061848,1.824797,1.085358,5.000000
1038.000000,15.926362,1.066240,1.501179,1.180389,5.000000
1040.000000,15.959962,1.070506,1.258317,1.217255,5.000000
1042.000000,15.993562,1.074942,1.075525,1.263565,5.000000
1044.000000,16.027163,1.079016,0.940687,1.232941,5.000000
1046.000000,16.077562,1.083255,1.826489,1.054459,5.000000
1048.000000,16.111162,1.087192,1.505874,1.087021,5.000000
1050.000000,16.144762,1.091361,1.265145,1.138397,5.000000
1052.000000,16.178362,1.095538,1.084568,1.168869,5.000000
1054.000000,16.211962,1.099174,0.952995,1.099106,5.000000
1056.000000,16.262362,1.102854,1.843614,0.874725,5.000000
1058.000000,16.295961,1.106500,1.526515,0.918671,5.000000
1060.000000,16.329561,1.110176,1.289263,0.945755,5.000000
1062.000000,16.363161,1.113779,1.112763,0.946747,5.000000
1064.000000,16.396761,1.117270,0.982402,0.925262,5.000000
1066.000000,16.447161,1.120764,1.872468,0.727432,5.000000
1068.000000,16.480761,1.124543,1.551739,0.840469,5.000000
1070.000000,16.514360,1.128079,1.311236,0.870926,5.000000
1072.000000,16.547960,1.131742,1.130745,0.905945,5.000000
1074.000000,16.581560,1.135257,0.996511,0.901901,5.000000
1076.000000,16.631960,1.138910,1.882100,0.737518,5.000000
1078.000000,16.665560,1.142516,1.559027,0.820114,5.000000
1080.000000,16.699160,1.146025,1.316992,0.852997,5.000000
1082.000000,16.732761,1.149735,1.134851,0.901642,5.000000
1084.000000,16.766361,1.153454,0.997765,0.931793,5.000000
1086.000000,16.816761,1.157418,1.879292,0.807480,5.000000
1088.000000,16.850361,1.161356,1.551583,0.920883,5.000000
1090.000000,16.883961,1.164972,1.306408,0.938828,5.000000
1092.000000,16.917561,1.168616,1.123522,0.949615,5.000000
1094.000000,16.951160,1.172410,0.986421,0.976364,5.000000
1096.000000,17.001560,1.175951,1.871441,0.770401,5.000000
1098.000000,17.035160,1.179479,1.549258,0.830261,5.000000
1100.000000,17.068760,1.182665,1.310242,0.808731,5.000000
1102.000000,17.102360,1.186278,1.130823,0.856140,5.000000
1104.000000,17.152760,1.189889,1.981974,0.703232,5.000000
1106.000000,17.186359,1.193246,1.634379,0.760025,5.000000
1108.000000,17.219959,1.196245,1.376821,0.733093,5.000000
1110.000000,17.253559,1.199580,1.184299,0.762100,5.000000
1112.000000,17.287159,1.202767,1.041399,0.753586,5.000000
1114.000000,17.337559,1.206157,1.920333,0.596207,5.000000
1116.000000,17.371159,1.209059,1.595126,0.613113,5.000000
1118.000000,17.404758,1.211875,1.353737,0.603012,5.000000
1120.000000,17.438358,1.215372,1.170365,0.698822,5.000000
1122.000000,17.471958,1.218396,1.033924,0.684174,5.000000
1124.000000,17.522358,1.221609,1.917985,0.520584,5.000000
1126.000000,17.555958,1.224536,1.595433,0.565704,5.000000
1128.000000,17.589558,1.227576,1.353604,0.606613,5.000000
1130.000000,17.623158,1.230993,1.170030,0.688553,5.000000
1132.000000,17.673557,1.234124,2.018886,0.514008,5.000000
1134.000000,17.707159,1.237370,1.667954,0.614670,5.000000
1136.000000,17.740759,1.240456,1.405073,0.649185,5.000000
1138.000000,17.774359,1.243543,1.208499,0.666351,5.000000
1140.000000,17.807959,1.246635,1.061976,0.674301,5.000000
1142.000000,17.858358,1.249761,1.938812,0.500900,5.000000
1144.000000,17.891958,1.252977,1.608716,0.599075,5.000000
1146.000000,17.925558,1.256180,1.360400,0.655945,5.000000
1148.000000,17.959158,1.259124,1.175599,0.647278,5.000000
1150.000000,17.992758,1.262148,1.038251,0.649811,5.000000
1152.000000,18.043158,1.265194,1.922198,0.471054,5.000000
1154.000000,18.076757,1.268246,1.598037,0.552277,5.000000
1156.000000,18.110357,1.271184,1.355332,0.581741,5.000000
1158.000000,18.143957,1.274110,1.174248,0.593872,5.000000
1160.000000,18.194357,1.277103,2.024939,0.427994,5.000000
1162.000000,18.227957,1.280133,1.675644,0.522171,5.000000
1164.000000,18.261557,1.282980,1.414120,0.548523,5.000000
1166.000000,18.295156,1.285556,1.220942,0.517120,5.000000
1168.000000,18.328756,1.288504,1.076370,0.550140,5.000000
1170.000000,18.379156,1.291435,1.953940,0.385910,5.000000
1172.000000,18.412756,1.294304,1.625098,0.466278,5.000000
1174.000000,18.446356,1.296824,1.380442,0.457260,5.000000
1176.000000,18.479956,1.299542,1.197888,0.476715,5.000000
1178.000000,18.513556,1.302491,1.060245,0.522385,5.000000
1180.000000,18.563955,1.305273,1.943439,0.343094,5.000000
1182.000000,18.597555,1.308012,1.619340,0.416214,5.000000
1184.000000,18.631155,1.310553,1.377349,0.426514,5.000000
1186.000000,18.664757,1.313327,1.196038,0.464661,5.000000
1188.000000,18.715157,1.315767,2.048270,0.252609,5.000000
1190.000000,18.748756,1.318486,1.700022,0.353989,5.000000
1192.000000,18.782356,1.320879,1.440196,0.362488,5.000000
1194.000000,18.815956,1.323346,1.246658,0.373993,5.000000
1196.000000,18.849556,1.326183,1.100014,0.435867,5.000000
1198.000000,18.899956,1.328490,1.978669,0.209518,5.000000
1200.000000,18.933556,1.331276,1.649058,0.333725,5.000000
1202.000000,18.967155,1.333370,1.404697,0.299973,5.000000
1204.000000,19.000755,1.335985,1.221241,0.354050,5.000000
1206.000000,19.051155,1.338680,2.068503,0.218689,5.000000
1208.000000,19.084755,1.340918,1.718794,0.254791,5.000000
1210.000000,19.118355,1.343524,1.455734,0.329712,5.000000
1212.000000,19.151955,1.345543,1.261559,0.280548,5.000000
1214.000000,19.202354,1.348186,2.101275,0.161438,5.000000
1216.000000,19.235954,1.350746,1.742675,0.268097,5.000000
1218.000000,19.269554,1.352812,1.476044,0.253265,5.000000
1220.000000,19.303154,1.355304,1.276043,0.304550,5.000000
1222.000000,19.336754,1.357310,1.128949,0.257141,5.000000
1224.000000,19.387154,1.359918,2.003616,0.136642,5.000000
1226.000000,19.420753,1.362015,1.673951,0.175110,5.000000
1228.000000,19.454353,1.364076,1.428139,0.187408,5.000000
1230.000000,19.487953,1.366537,1.242748,0.253677,5.000000
1232.000000,19.538353,1.368456,2.092274,0.027344,5.000000
1234.000000,19.571953,1.370846,1.741505,0.149643,5.000000
1236.000000,19.605555,1.372770,1.479960,0.149963,5.000000
1238.000000,19.639154,1.374855,1.284619,0.169495,5.000000
1240.000000,19.672754,1.377245,1.136991,0.226730,5.000000
1242.000000,19.723154,1.378956,2.015947,-0.026596,5.000000
1244.000000,19.756754,1.381075,1.688199,0.067780,5.000000
1246.000000,19.790354,1.383349,1.440701,0.148788,5.000000
1248.000000,19.823954,1.385468,1.255033,0.173264,5.000000
1250.000000,19.874353,1.387536,2.102872,-0.003174,5.000000
1252.000000,19.907953,1.389300,1.753960,0.029343,5.000000
1254.000000,19.941553,1.391541,1.490650,0.119156,5.000000
1256.000000,19.975153,1.393657,1.292926,0.153839,5.000000
1258.000000,20.008753,1.395785,1.144771,0.174683,5.000000
1260.000000,20.059153,1.397883,2.020504,-0.000031,5.000000
1262.000000,20.092752,1.399497,1.693399,0.005615,5.000000
1264.000000,20.126352,1.401844,1.445561,0.118423,5.000000
1266.000000,20.159952,1.403927,1.259410,0.147125,5.000000
1268.000000,20.210352,1.405771,2.107861,-0.056396,5.000000
1270.000000,20.243952,1.407927,1.756347,0.055847,5.000000
1272.000000,20.277552,1.409642,1.494448,0.053589,5.000000
1274.000000,20.311152,1.411881,1.296610,0.129028,5.000000
1276.000000,20.361551,1.413893,2.134755,-0.041031,5.000000
1278.000000,20.395151,1.415618,1.778384,-0.001495,5.000000
1280.000000,20.428751,1.417912,1.508716,0.107330,5.000000
1282.000000,20.462351,1.419508,1.309390,0.063538,5.000000
1284.000000,20.512751,1.421367,2.147244,-0.109573,5.000000
1286.000000,20.546350,1.423333,1.788386,-0.009583,5.000000
1288.000000,20.579952,1.424963,1.520818,-0.003616,5.000000
1290.000000,20.613552,1.426911,1.319725,0.044495,5.000000
1292.000000,20.647152,1.429254,1.166172,0.135361,5.000000
1294.000000,20.697552,1.431032,2.038709,-0.077026,5.000000
1296.000000,20.731152,1.432845,1.707257,-0.014389,5.000000
1298.000000,20.764751,1.434473,1.460388,-0.009094,5.000000
1300.000000,20.798351,1.436519,1.274176,0.054947,5.000000
1302.000000,20.848751,1.438589,2.119691,-0.082596,5.000000
1304.000000,20.882351,1.440305,1.767982,-0.031555,5.000000
1306.000000,20.915951,1.441898,1.505938,-0.024765,5.000000
1308.000000,20.949551,1.443869,1.308870,0.033463,5.000000
1310.000000,20.983150,1.445571,1.162182,0.025650,5.000000
1312.000000,21.033550,1.447460,2.038598,-0.134018,5.000000
1314.000000,21.067150,1.449156,1.709481,-0.071762,5.000000
1316.000000,21.100750,1.451019,1.461947,-0.010605,5.000000
1318.000000,21.134350,1.452868,1.276332,0.022858,5.000000
1320.000000,21.184750,1.454595,2.124072,-0.158966,5.000000
1322.000000,21.218349,1.456513,1.772013,-0.051163,5.000000
1324.000000,21.251949,1.458233,1.508392,-0.017746,5.000000
1326.000000,21.285549,1.460024,1.310953,0.009933,5.000000
1328.000000,21.335949,1.461337,2.152932,-0.232849,5.000000
1330.000000,21.369549,1.463139,1.796751,-0.119095,5.000000
1332.000000,21.403149,1.464877,1.528697,-0.060547,5.000000
1334.000000,21.436749,1.466612,1.327838,-0.027756,5.000000
1336.000000,21.470348,1.467926,1.180421,-0.077362,5.000000
1338.000000,21.520750,1.469176,2.059599,-0.305511,5.000000
1340.000000,21.554350,1.470495,1.733150,-0.247879,5.000000
1342.000000,21.587950,1.472202,1.486145,-0.154770,5.000000
1344.000000,21.621550,1.473630,1.301679,-0.141876,5.000000
1346.000000,21.671949,1.474962,2.150860,-0.333374,5.000000
1348.000000,21.705549,1.476445,1.800547,-0.238449,5.000000
1350.000000,21.739149,1.477976,1.536942,-0.174683,5.000000
1352.000000,21.772749,1.479685,1.337745,-0.109253,5.000000
1354.000000,21.806349,1.481014,1.190281,-0.130127,5.000000
1356.000000,21.856749,1.482585,2.066021,-0.289871,5.000000
1358.000000,21.890348,1.484025,1.736113,-0.217850,5.000000
1360.000000,21.923948,1.485590,1.487958,-0.156631,5.000000
1362.000000,21.957548,1.487125,1.301689,-0.125946,5.000000
1364.000000,22.007948,1.488619,2.148779,-0.296448,5.000000
1366.000000,22.041548,1.490245,1.796139,-0.190536,5.000000
1368.000000,22.075148,1.491525,1.533121,-0.181946,5.000000
1370.000000,22.108747,1.492881,1.337247,-0.170425,5.000000
1372.000000,22.159147,1.494391,2.176428,-0.323502,5.000000
1374.000000,22.192747,1.495996,1.817905,-0.211380,5.000000
1376.000000,22.226347,1.497367,1.549262,-0.181229,5.000000
1378.000000,22.259947,1.498647,1.349353,-0.181641,5.000000
1380.000000,22.293547,1.499808,1.202060,-0.205719,5.000000
1382.000000,22.343946,1.501216,2.077896,-0.366943,5.000000
1384.000000,22.377546,1.502588,1.747502,-0.280579,5.000000
1386.000000,22.411146,1.504002,1.499021,-0.223206,5.000000
1388.000000,22.444746,1.505466,1.312219,-0.181976,5.000000
1390.000000,22.495148,1.506385,2.162137,-0.426056,5.000000
1392.000000,22.528748,1.507764,1.811856,-0.317596,5.000000
1394.000000,22.562347,1.509079,1.548653,-0.262482,5.000000
1396.000000,22.595947,1.510374,1.351546,-0.234604,5.000000
1398.000000,22.646347,1.511682,2.190191,-0.398804,5.000000
1400.000000,22.679947,1.512696,1.834103,-0.356522,5.000000
1402.000000,22.713547,1.514077,1.566007,-0.277969,5.000000
1404.000000,22.747147,1.515219,1.365679,-0.268997,5.000000
1406.000000,22.780746,1.516443,1.216361,-0.254852,5.000000
1408.000000,22.831146,1.517548,2.091881,-0.448212,5.000000
1410.000000,22.864746,1.518649,1.762141,-0.378632,5.000000
1412.000000,22.898346,1.519919,1.514040,-0.312469,5.000000
1414.000000,22.931946,1.520902,1.329322,-0.319000,5.000000
1416.000000,22.982346,1.522204,2.176622,-0.457764,5.000000
1418.000000,23.015945,1.523538,1.823667,-0.346039,5.000000
1420.000000,23.049545,1.524629,1.559422,-0.317047,5.000000
1422.000000,23.083145,1.525718,1.362403,-0.304276,5.000000
1424.000000,23.133545,1.526624,2.202960,-0.509933,5.000000
1426.000000,23.167145,1.528094,1.844174,-0.359116,5.000000
1428.000000,23.200745,1.529366,1.573646,-0.296783,5.000000
1430.000000,23.234344,1.530199,1.373682,-0.330734,5.000000
1432.000000,23.267944,1.531148,1.225831,-0.340378,5.000000
1434.000000,23.318344,1.532029,2.103048,-0.541779,5.000000
1436.000000,23.351944,1.533348,1.771930,-0.407318,5.000000
1438.000000,23.385544,1.534451,1.522969,-0.358154,5.000000
1440.000000,23.419146,1.535233,1.338601,-0.382050,5.000000
1442.000000,23.469545,1.536095,2.188206,-0.570526,5.000000
1444.000000,23.503145,1.537190,1.837545,-0.460556,5.000000
1446.000000,23.536745,1.538389,1.572676,-0.377548,5.000000
1448.000000,23.570345,1.539482,1.373936,-0.344299,5.000000
1450.000000,23.620745,1.540443,2.212204,-0.528015,5.000000
1452.000000,23.654345,1.541513,1.853911,-0.434814,5.000000
1454.000000,23.687944,1.542633,1.584239,-0.372177,5.000000
1456.000000,23.721544,1.543522,1.383502,-0.372955,5.000000
1458.000000,23.771944,1.544685,2.218809,-0.515015,5.000000
1460.000000,23.805544,1.545770,1.857846,-0.423477,5.000000
1462.000000,23.839144,1.546728,1.587659,-0.390091,5.000000
1464.000000,23.872744,1.547454,1.387668,-0.410828,5.000000
1466.000000,23.906343,1.548452,1.238124,-0.386597,5.000000
1468.000000,23.956743,1.549418,2.112742,-0.559494,5.000000
1470.000000,23.990343,1.550498,1.780720,-0.457031,5.000000
1472.000000,24.023943,1.551203,1.533209,-0.455048,5.000000
1474.000000,24.057543,1.551897,1.349833,-0.461670,5.000000
1476.000000,24.107943,1.553139,2.196163,-0.563782,5.000000
1478.000000,24.141542,1.554025,1.844027,-0.488831,5.000000
1480.000000,24.175142,1.555258,1.577635,-0.391037,5.000000
1482.000000,24.208742,1.556018,1.379612,-0.406479,5.000000
1484.000000,24.259142,1.556821,2.219301,-0.595215,5.000000
1486.000000,24.292742,1.557584,1.863003,-0.529312,5.000000
1488.000000,24.326342,1.558192,1.597492,-0.517899,5.000000
1490.000000,24.359941,1.559281,1.396735,-0.439819,5.000000
1492.000000,24.410343,1.559935,2.234122,-0.641464,5.000000
1494.000000,24.443943,1.560503,1.876939,-0.591507,5.000000
1496.000000,24.477543,1.561512,1.607191,-0.495865,5.000000
1498.000000,24.511143,1.562139,1.406079,-0.498245,5.000000
1500.000000,24.561543,1.562835,2.242683,-0.674286,5.000000
1502.000000,24.595142,1.563662,1.882608,-0.572281,5.000000
1504.000000,24.628742,1.564120,1.614358,-0.570496,5.000000
1506.000000,24.662342,1.565182,1.411132,-0.479599,5.000000
1508.000000,24.695942,1.565482,1.262129,-0.543884,5.000000
1510.000000,24.746342,1.566307,2.136705,-0.688431,5.000000
1512.000000,24.779942,1.567097,1.804713,-0.590408,5.000000
1514.000000,24.813541,1.567674,1.556232,-0.565704,5.000000
1516.000000,24.847141,1.568650,1.368457,-0.491333,5.000000
1518.000000,24.897541,1.568754,2.218269,-0.764786,5.000000
1520.000000,24.931141,1.569764,1.866549,-0.605484,5.000000
1522.000000,24.964741,1.570588,1.600865,-0.535034,5.000000
1524.000000,24.998341,1.571285,1.402174,-0.513855,5.000000
1526.000000,25.048740,1.572070,2.239491,-0.670807,5.000000
1528.000000,25.082340,1.572139,1.884894,-0.690765,5.000000
1530.000000,25.115940,1.573044,1.617047,-0.579834,5.000000
1532.000000,25.149540,1.573891,1.414626,-0.519989,5.000000
1534.000000,25.199940,1.574206,2.251976,-0.749588,5.000000
1536.000000,25.233540,1.575067,1.891783,-0.617859,5.000000
1538.000000,25.267139,1.575460,1.622786,-0.611603,5.000000
1540.000000,25.300739,1.576290,1.420221,-0.544159,5.000000
1542.000000,25.334341,1.576874,1.269177,-0.542465,5.000000
1544.000000,25.384741,1.577258,2.144434,-0.757324,5.000000
1546.000000,25.418341,1.578028,1.812784,-0.640442,5.000000
1548.000000,25.451941,1.578468,1.564651,-0.621277,5.000000
1550.000000,25.485540,1.578948,1.379621,-0.608047,5.000000
1552.000000,25.535940,1.579605,2.226833,-0.755875,5.000000
1554.000000,25.569540,1.580099,1.875528,-0.681290,5.000000
1556.000000,25.603140,1.581018,1.609435,-0.571289,5.000000
1558.000000,25.636740,1.581396,1.411625,-0.589005,5.000000
1560.000000,25.687140,1.581927,2.250588,-0.762222,5.000000
1562.000000,25.720739,1.582775,1.891112,-0.628616,5.000000
1564.000000,25.754339,1.583375,1.621047,-0.585770,5.000000
1566.000000,25.787939,1.584397,1.416458,-0.495911,5.000000
1568.000000,25.838339,1.584623,2.252786,-0.747116,5.000000
1570.000000,25.871939,1.585037,1.894806,-0.687347,5.000000
1572.000000,25.905539,1.585961,1.623782,-0.574219,5.000000
1574.000000,25.939138,1.586472,1.421239,-0.569366,5.000000
1576.000000,25.989538,1.587329,2.254750,-0.696487,5.000000
1578.000000,26.023138,1.587461,1.896244,-0.697739,5.000000
1580.000000,26.056738,1.587663,1.629918,-0.696320,5.000000
1582.000000,26.090338,1.588176,1.430343,-0.652191,5.000000
1584.000000,26.123938,1.588938,1.278880,-0.587372,5.000000
1586.000000,26.174337,1.589188,2.153744,-0.808990,5.000000
1588.000000,26.207937,1.589966,1.820949,-0.673889,5.000000
1590.000000,26.241537,1.590088,1.573730,-0.694534,5.000000
1592.000000,26.275137,1.590655,1.388148,-0.643753,5.000000
1594.000000,26.325539,1.591293,2.234238,-0.782928,5.000000
1596.000000,26.359138,1.591399,1.884150,-0.761230,5.000000
1598.000000,26.392738,1.592028,1.620336,-0.671661,5.000000
1600.000000,26.426338,1.592456,1.422655,-0.649246,5.000000
1602.000000,26.476738,1.592690,2.262682,-0.850189,5.000000
1604.000000,26.510338,1.593236,1.904755,-0.736237,5.000000
1606.000000,26.543938,1.593196,1.639012,-0.760880,5.000000
1608.000000,26.577538,1.593854,1.438300,-0.672729,5.000000
1610.000000,26.627937,1.594669,2.270969,-0.773178,5.000000
1612.000000,26.661537,1.594426,1.913524,-0.809326,5.000000
1614.000000,26.695137,1.595231,1.642484,-0.675766,5.000000
1616.000000,26.728737,1.595181,1.442317,-0.727585,5.000000
1618.000000,26.779137,1.595830,2.277186,-0.836868,5.000000
1620.000000,26.812737,1.596473,1.914356,-0.711380,5.000000
1622.000000,26.846336,1.596580,1.644135,-0.720139,5.000000
1624.000000,26.879936,1.596982,1.442218,-0.685791,5.000000
1626.000000,26.913536,1.597360,1.291225,-0.670990,5.000000
1628.000000,26.963936,1.597729,2.164860,-0.846603,5.000000
1630.000000,26.997536,1.598224,1.832254,-0.744370,5.000000
1632.000000,27.031136,1.598367,1.584111,-0.738907,5.000000
1634.000000,27.064735,1.598919,1.397326,-0.676117,5.000000
1636.000000,27.115135,1.599234,2.243922,-0.856079,5.000000
1638.000000,27.148735,1.599736,1.891181,-0.747681,5.000000
1640.000000,27.182335,1.599856,1.628073,-0.743469,5.000000
1642.000000,27.215935,1.600242,1.431120,-0.704483,5.000000
1644.000000,27.266336,1.600485,2.270748,-0.886124,5.000000
1646.000000,27.299936,1.600687,1.914104,-0.815369,5.000000
1648.000000,27.333536,1.600933,1.646660,-0.768921,5.000000
1650.000000,27.367136,1.601186,1.446648,-0.742615,5.000000
1652.000000,27.417536,1.601402,2.283551,-0.915955,5.000000
1654.000000,27.451136,1.601824,1.923309,-0.800278,5.000000
1656.000000,27.484735,1.601694,1.655391,-0.818298,5.000000
1658.000000,27.518335,1.602103,1.453835,-0.751175,5.000000
1660.000000,27.551935,1.602440,1.302405,-0.721954,5.000000
1662.000000,27.602335,1.602765,2.175024,-0.888092,5.000000
1664.000000,27.635935,1.603116,1.842243,-0.795258,5.000000
1666.000000,27.669535,1.603210,1.593623,-0.781036,5.000000
1668.000000,27.703135,1.603679,1.406146,-0.717667,5.000000
1670.000000,27.753534,1.603940,2.252314,-0.892838,5.000000
1672.000000,27.787134,1.603997,1.901525,-0.843414,5.000000
1674.000000,27.820734,1.604378,1.637383,-0.766800,5.000000
1676.000000,27.854334,1.604381,1.441328,-0.781265,5.000000
1678.000000,27.904734,1.604746,2.279970,-0.918610,5.000000
1680.000000,27.938334,1.605027,1.921584,-0.824677,5.000000
1682.000000,27.971933,1.605523,1.650763,-0.735123,5.000000
1684.000000,28.005533,1.605612,1.449379,-0.745651,5.000000
1686.000000,28.055933,1.606324,2.282372,-0.838837,5.000000
1688.000000,28.089533,1.606624,1.920210,-0.767090,5.000000
1690.000000,28.123133,1.606874,1.649398,-0.735199,5.000000
1692.000000,28.156733,1.606725,1.449899,-0.783508,5.000000
1694.000000,28.207134,1.607111,2.286305,-0.916656,5.000000
1696.000000,28.240734,1.607321,1.926591,-0.834564,5.000000
1698.000000,28.274334,1.607811,1.654804,-0.742554,5.000000
1700.000000,28.307934,1.607812,1.453141,-0.764618,5.000000
1702.000000,28.341534,1.607833,1.304341,-0.781311,5.000000
1704.000000,28.391933,1.608071,2.179118,-0.942322,5.000000
1706.000000,28.425533,1.608530,1.846366,-0.814911,5.000000
1708.000000,28.459133,1.608606,1.597248,-0.797333,5.000000
1710.000000,28.492733,1.608679,1.411839,-0.791809,5.000000
1712.000000,28.543133,1.608767,2.260231,-0.970642,5.000000
1714.000000,28.576733,1.609140,1.908044,-0.846008,5.000000
1716.000000,28.610332,1.609508,1.642354,-0.770416,5.000000
1718.000000,28.643932,1.609503,1.444871,-0.784698,5.000000
1720.000000,28.694332,1.609797,2.283098,-0.932251,5.000000
1722.000000,28.727932,1.609889,1.925573,-0.863892,5.000000
1724.000000,28.761532,1.610165,1.656418,-0.796753,5.000000
1726.000000,28.795132,1.610428,1.454535,-0.759705,5.000000
1728.000000,28.845531,1.610630,2.290041,-0.929718,5.000000
1730.000000,28.879131,1.610922,1.928965,-0.830170,5.000000
1732.000000,28.912731,1.611082,1.658707,-0.792084,5.000000
1734.000000,28.946331,1.610989,1.458368,-0.813202,5.000000
1736.000000,28.996731,1.611366,2.293557,-0.937988,5.000000
1738.000000,29.030331,1.611559,1.932566,-0.851501,5.000000
1740.000000,29.063931,1.611652,1.662375,-0.817322,5.000000
1742.000000,29.097530,1.611816,1.460364,-0.789276,5.000000
1744.000000,29.147930,1.611622,2.297892,-1.012756,5.000000
1746.000000,29.181532,1.612014,1.937335,-0.870758,5.000000
1748.000000,29.215132,1.612175,1.666280,-0.819366,5.000000
1750.000000,29.248732,1.612158,1.464361,-0.819489,5.000000
1752.000000,29.282331,1.612149,1.314711,-0.823151,5.000000
1754.000000,29.332731,1.612001,2.190874,-1.032135,5.000000
1756.000000,29.366331,1.612376,1.858701,-0.889282,5.000000
1758.000000,29.399931,1.612611,1.608163,-0.822113,5.000000
1760.000000,29.433531,1.612558,1.421635,-0.828583,5.000000
1762.000000,29.483931,1.612667,2.268687,-0.992126,5.000000
1764.000000,29.517530,1.612552,1.918102,-0.938110,5.000000
1766.000000,29.551130,1.612731,1.654146,-0.862946,5.000000
1768.000000,29.584730,1.612747,1.456985,-0.844208,5.000000
1770.000000,29.635130,1.612616,2.296935,-1.040253,5.000000
1772.000000,29.668730,1.613129,1.936558,-0.870087,5.000000
1774.000000,29.702330,1.612855,1.668639,-0.888367,5.000000
1776.000000,29.735929,1.612991,1.467581,-0.841980,5.000000
1778.000000,29.786329,1.613183,2.302725,-0.987091,5.000000
1780.000000,29.819929,1.613307,1.941704,-0.895691,5.000000
1782.000000,29.853529,1.613364,1.671054,-0.852936,5.000000
1784.000000,29.887129,1.613673,1.466969,-0.790222,5.000000
1786.000000,29.937529,1.613977,2.299487,-0.933807,5.000000
1788.000000,29.971128,1.613716,1.939957,-0.920837,5.000000
1790.000000,30.004728,1.613948,1.669408,-0.842285,5.000000
1792.000000,30.038328,1.614207,1.465639,-0.791046,5.000000
1794.000000,30.088728,1.614424,2.299162,-0.948151,5.000000
1796.000000,30.122330,1.614569,1.937465,-0.865967,5.000000
1798.000000,30.155930,1.614332,1.668659,-0.879578,5.000000
1800.000000,30.189529,1.614832,1.464923,-0.778107,5.000000
1802.000000,30.239929,1.614869,2.299208,-0.968170,5.000000
1804.000000,30.273529,1.615122,1.937517,-0.862305,5.000000
1806.000000,30.307129,1.615057,1.667367,-0.849731,5.000000
1808.000000,30.340729,1.615027,1.466367,-0.842163,5.000000
1810.000000,30.391129,1.615306,2.301126,-0.973175,5.000000
1812.000000,30.424728,1.615242,1.941185,-0.916168,5.000000
1814.000000,30.458328,1.615467,1.670250,-0.840179,5.000000
1816.000000,30.491928,1.615298,1.469121,-0.857727,5.000000
1818.000000,30.542328,1.615447,2.304413,-1.004547,5.000000
1820.000000,30.575928,1.615444,1.944448,-0.927826,5.000000
1822.000000,30.609528,1.615243,1.675874,-0.915741,5.000000
1824.000000,30.643127,1.615627,1.472381,-0.821045,5.000000
1826.000000,30.693527,1.615495,2.307473,-1.024200,5.000000
1828.000000,30.727127,1.615560,1.946846,-0.930298,5.000000
1830.000000,30.760727,1.615451,1.677141,-0.902863,5.000000
1832.000000,30.794327,1.615146,1.477312,-0.922028,5.000000
1834.000000,30.844727,1.615669,2.310469,-0.988403,5.000000
1836.000000,30.878326,1.615563,1.948872,-0.933105,5.000000
1838.000000,30.911926,1.615276,1.679971,-0.933167,5.000000
1840.000000,30.945526,1.615373,1.477968,-0.878357,5.000000
1842.000000,30.979126,1.615206,1.327868,-0.888306,5.000000
1844.000000,31.029526,1.615308,2.201254,-1.036194,5.000000
1846.000000,31.063128,1.615599,1.867104,-0.905151,5.000000
1848.000000,31.096727,1.615233,1.618686,-0.928589,5.000000
1850.000000,31.130327,1.615458,1.431417,-0.856506,5.000000
1852.000000,31.180727,1.614966,2.280827,-1.106781,5.000000
1854.000000,31.214327,1.615191,1.929134,-0.961700,5.000000
1856.000000,31.247927,1.615075,1.665265,-0.925720,5.000000
1858.000000,31.281527,1.614685,1.470033,-0.951508,5.000000
1860.000000,31.331926,1.614730,2.309454,-1.085083,5.000000
1862.000000,31.365526,1.614408,1.953185,-1.033295,5.000000
1864.000000,31.399126,1.614612,1.683573,-0.923126,5.000000
1866.000000,31.432726,1.614652,1.480715,-0.880707,5.000000
1868.000000,31.483126,1.614250,2.317652,-1.107574,5.000000
1870.000000,31.516726,1.614542,1.955951,-0.950714,5.000000
1872.000000,31.550325,1.614027,1.687524,-0.981354,5.000000
1874.000000,31.583925,1.614108,1.485334,-0.913727,5.000000
1876.000000,31.634325,1.614068,2.319985,-1.072388,5.000000
1878.000000,31.667925,1.613952,1.959121,-0.991669,5.000000
1880.000000,31.701525,1.613982,1.687469,-0.922272,5.000000
1882.000000,31.735125,1.614153,1.482712,-0.859131,5.000000
1884.000000,31.785524,1.614012,2.316623,-1.051208,5.000000
1886.000000,31.819124,1.613919,1.955818,-0.973755,5.000000
1888.000000,31.852724,1.613699,1.686149,-0.949860,5.000000
1890.000000,31.886324,1.613855,1.482648,-0.880402,5.000000
1892.000000,31.936724,1.614064,2.315114,-1.010040,5.000000
1894.000000,31.970324,1.613773,1.954457,-0.977234,5.000000
1896.000000,32.003925,1.613758,1.684069,-0.919617,5.000000
1898.000000,32.037525,1.613672,1.481946,-0.898499,5.000000
1900.000000,32.087925,1.613772,2.315835,-1.039734,5.000000
1902.000000,32.121525,1.613822,1.953837,-0.943054,5.000000
1904.000000,32.155125,1.613696,1.682934,-0.914093,5.000000
1906.000000,32.188725,1.613683,1.480183,-0.883057,5.000000
1908.000000,32.239124,1.613490,2.316153,-1.075897,5.000000
1910.000000,32.272724,1.613347,1.956586,-0.998535,5.000000
1912.000000,32.306324,1.613396,1.685970,-0.923859,5.000000
1914.000000,32.339924,1.613381,1.482811,-0.889984,5.000000
1916.000000,32.390324,1.613391,2.316814,-1.048309,5.000000
1918.000000,32.423923,1.613174,1.956774,-0.991486,5.000000
1920.000000,32.457523,1.612881,1.687984,-0.973694,5.000000
1922.000000,32.491123,1.612922,1.485943,-0.914917,5.000000
1924.000000,32.541523,1.612863,2.320445,-1.076202,5.000000
1926.000000,32.575123,1.612640,1.960433,-1.011383,5.000000
1928.000000,32.608723,1.612441,1.690867,-0.972015,5.000000
1930.000000,32.642323,1.611878,1.492026,-1.010010,5.000000
1932.000000,32.692722,1.612025,2.327359,-1.108215,5.000000
1934.000000,32.726322,1.611858,1.966402,-1.024017,5.000000
1936.000000,32.759922,1.611577,1.696241,-0.993683,5.000000
1938.000000,32.793522,1.611412,1.494162,-0.961212,5.000000
1940.000000,32.843922,1.610910,2.331310,-1.178284,5.000000
1942.000000,32.877522,1.611089,1.969663,-1.016602,5.000000
1944.000000,32.911121,1.610976,1.697306,-0.961884,5.000000
1946.000000,32.944721,1.610618,1.495008,-0.970245,5.000000
1948.000000,32.995121,1.610530,2.329640,-1.118256,5.000000
1950.000000,33.028721,1.609988,1.971023,-1.090729,5.000000
1952.000000,33.062321,1.610242,1.698583,-0.953888,5.000000
1954.000000,33.095921,1.609774,1.496552,-0.982269,5.000000
1956.000000,33.146320,1.609632,2.331544,-1.135101,5.000000
1958.000000,33.179920,1.609614,1.969631,-1.018585,5.000000
1960.000000,33.213520,1.608999,1.700834,-1.043182,5.000000
1962.000000,33.247120,1.609211,1.496758,-0.934875,5.000000
1964.000000,33.297520,1.608555,2.333504,-1.184662,5.000000
1966.000000,33.331120,1.608549,1.972783,-1.050446,5.000000
1968.000000,33.364719,1.608490,1.700770,-0.976257,5.000000
1970.000000,33.398319,1.607867,1.499933,-1.022156,5.000000
1972.000000,33.448719,1.607749,2.335354,-1.158600,5.000000
1974.000000,33.482323,1.607428,1.975669,-1.082855,5.000000
1976.000000,33.515923,1.607126,1.705572,-1.036926,5.000000
1978.000000,33.549522,1.607218,1.500910,-0.949524,5.000000
1980.000000,33.599922,1.607093,2.333679,-1.110046,5.000000
1982.000000,33.633522,1.607172,1.969683,-0.986145,5.000000
1984.000000,33.667122,1.606729,1.698725,-0.993683,5.000000
1986.000000,33.700722,1.606623,1.495678,-0.951691,5.000000
1988.000000,33.751122,1.606423,2.330175,-1.123627,5.000000
1990.000000,33.784721,1.606526,1.967382,-0.991608,5.000000
1992.000000,33.818321,1.606351,1.695367,-0.954712,5.000000
1994.000000,33.851921,1.605871,1.494364,-0.984848,5.000000
1996.000000,33.902321,1.605838,2.329401,-1.119675,5.000000
1998.000000,33.935921,1.605713,1.968217,-1.025284,5.000000
